user_id,month,monthly_income,monthly_expenses,monthly_net_cash_flow,savings_rate,transaction_frequency,expense_transaction_count,average_transaction_amount,spending_volatility,recurring_spending,essential_spending,discretionary_spending,category_concentration,top_category,spend_entertainment,spend_food,spend_healthcare,spend_housing,spend_shopping,spend_subscription,spend_transport,spend_utilities,spend_other
1,2025-01,5673.8,4246.56,1427.24,25.15,50,48,88.47,288.38,1828.83,3730.78,515.78,36.99,Food,85.65,1570.99,15.13,1475.75,383.15,46.98,362.81,306.1,0.0
1,2025-02,5135.27,3443.59,1691.68,32.94,42,41,83.99,259.51,1806.16,3148.83,294.76,42.43,Housing,103.33,1135.03,26.07,1461.1,124.21,46.98,228.55,298.08,20.24
1,2025-03,5010.19,4122.31,887.88,17.72,47,46,89.62,290.62,1772.9,3758.67,363.64,37.14,Food,153.48,1531.09,28.45,1440.76,163.18,46.98,473.21,285.16,0.0
1,2025-04,5101.63,3913.09,1188.54,23.3,45,44,88.93,282.53,1666.15,3361.52,551.57,34.5,Housing,114.19,1310.86,85.83,1350.0,337.6,46.98,345.66,269.17,52.8
1,2025-05,4988.12,3895.72,1092.4,21.9,43,42,92.76,293.23,1639.19,3424.37,471.35,40.24,Food,117.57,1567.49,0.0,1350.0,306.8,46.98,264.67,242.21,0.0
1,2025-06,6904.38,3224.77,3679.61,53.29,43,41,78.65,296.98,1666.73,2706.72,518.05,41.86,Housing,191.76,1022.14,0.0,1350.0,252.91,46.98,64.83,269.75,26.4
1,2025-07,5050.05,3507.72,1542.33,30.54,40,39,89.94,275.25,1653.56,2790.61,717.11,38.49,Housing,229.59,931.6,17.47,1350.0,375.79,46.98,234.96,256.58,64.75
1,2025-08,5772.15,3406.42,2365.73,40.99,43,41,83.08,337.47,1783.64,3122.87,283.55,42.35,Housing,70.22,1039.26,85.29,1442.68,151.34,46.98,261.66,293.98,15.01
1,2025-09,5039.99,3489.91,1550.08,30.76,40,39,89.48,267.86,1766.15,3067.58,422.33,42.48,Housing,58.86,1159.38,0.0,1482.58,290.94,46.98,189.03,236.59,25.55
1,2025-10,5124.56,4512.1,612.46,11.95,51,50,90.24,263.33,1790.08,3649.35,862.75,32.87,Food,46.25,1483.3,45.29,1463.9,717.28,46.98,377.66,279.2,52.24
1,2025-11,5550.28,3881.01,1669.27,30.08,50,48,80.85,287.29,1666.36,3404.24,476.77,34.79,Food,127.44,1350.17,23.85,1350.0,255.49,46.98,410.84,269.38,46.86
1,2025-12,7096.17,4325.6,2770.57,39.04,49,47,92.03,276.93,1812.71,3661.88,663.72,35.08,Food,88.84,1517.5,133.6,1457.78,527.9,46.98,245.05,307.95,0.0
1,2026-01,5149.98,3887.16,1262.82,24.52,45,44,88.34,291.14,1851.22,3494.68,392.48,38.31,Housing,204.24,1427.29,15.1,1489.03,141.26,46.98,248.05,315.21,0.0
1,2026-02,5034.17,3839.33,1194.84,23.73,45,44,87.26,313.41,1862.9,3000.99,838.34,40.28,Housing,265.88,984.86,16.84,1546.58,458.92,46.98,183.37,269.34,66.56
1,2026-03,4989.55,3827.39,1162.16,23.29,50,49,78.11,278.18,1689.59,3357.5,469.89,36.58,Housing,120.69,1228.4,83.94,1400.0,302.22,46.98,402.55,242.61,0.0
1,2026-04,5002.68,3463.09,1539.59,30.78,40,39,88.8,294.92,1689.96,2753.12,709.97,40.43,Housing,191.62,997.54,0.0,1400.0,428.4,46.98,112.6,242.98,42.97
1,2026-05,5111.09,3477.15,1633.94,31.97,40,39,89.16,293.62,1748.47,2953.11,524.04,40.26,Housing,124.83,871.34,29.92,1400.0,292.55,46.98,350.36,301.49,59.68
1,2026-06,7868.04,3776.68,4091.36,52.0,49,46,82.1,295.78,1869.4,2936.79,839.89,40.34,Housing,107.67,786.48,0.0,1523.66,628.08,46.98,327.89,298.76,57.16
2,2025-01,6593.94,4034.11,2559.83,38.82,41,40,100.85,346.66,2121.28,3620.25,413.86,44.62,Housing,100.77,1290.65,0.0,1800.0,266.11,46.98,255.3,274.3,0.0
2,2025-02,7655.57,5025.83,2629.74,34.35,44,42,119.66,368.88,2228.79,4138.16,887.67,37.47,Housing,261.88,1471.51,142.22,1883.39,578.81,46.98,342.62,298.42,0.0
2,2025-03,7893.62,4438.79,3454.83,43.77,48,46,96.5,366.5,2122.03,3375.9,1062.89,40.55,Housing,193.38,928.96,22.64,1800.0,779.75,46.98,349.25,275.05,42.78
2,2025-04,6631.68,4369.91,2261.77,34.11,41,40,109.25,405.99,2258.68,4013.85,356.06,44.27,Housing,68.78,1521.06,0.0,1934.45,219.19,46.98,281.09,277.25,21.11
2,2025-05,6481.6,5181.6,1300.0,20.06,47,46,112.64,368.58,2240.78,4152.79,1028.81,37.11,Housing,89.33,1530.61,95.72,1922.92,833.74,46.98,332.66,270.88,58.76
2,2025-06,8280.38,4353.71,3926.67,47.42,45,43,101.25,393.74,2214.93,3643.53,710.18,43.71,Housing,171.86,1222.8,32.23,1903.07,435.01,46.98,220.55,264.88,56.33
2,2025-07,7164.06,4444.41,2719.65,37.96,48,46,96.62,352.25,2172.31,3910.41,534.0,40.5,Housing,152.87,1417.03,0.0,1800.0,308.16,46.98,368.05,325.33,25.99
2,2025-08,7480.62,4865.57,2615.05,34.96,49,47,103.52,368.08,2255.48,4441.08,424.49,39.92,Housing,133.89,1760.59,53.9,1942.1,243.62,46.98,418.09,266.4,0.0
2,2025-09,7574.2,4332.35,3241.85,42.8,39,37,117.09,366.39,2116.19,3772.49,559.86,41.55,Housing,72.66,1482.76,23.16,1800.0,370.23,46.98,197.36,269.21,69.99
2,2025-10,6531.1,4354.43,2176.67,33.33,49,48,90.72,376.0,2203.61,3843.3,511.13,44.21,Housing,229.14,1467.13,36.28,1925.19,235.01,46.98,183.26,231.44,0.0
2,2025-11,6566.81,4669.92,1896.89,28.89,49,48,97.29,381.43,2209.13,4264.2,405.72,40.68,Housing,129.12,1783.63,124.16,1899.74,170.02,46.98,194.26,262.41,59.6
2,2025-12,8923.3,4849.13,4074.17,45.66,53,50,96.98,343.35,2126.25,4067.46,781.67,37.12,Housing,236.42,1572.15,125.47,1800.0,498.27,46.98,290.57,279.27,0.0
2,2026-01,6596.54,5256.9,1339.64,20.31,51,50,105.14,396.91,2341.51,4454.02,802.88,37.83,Housing,130.57,1719.6,0.0,1988.76,560.47,46.98,439.89,305.77,64.86
2,2026-02,7615.68,4589.06,3026.62,39.74,47,45,101.98,405.86,2282.25,4029.25,559.81,42.42,Housing,143.97,1341.07,46.0,1946.87,368.86,46.98,406.91,288.4,0.0
2,2026-03,6588.71,4568.9,2019.81,30.66,48,47,97.21,389.32,2142.32,3939.27,629.63,40.49,Housing,121.79,1402.37,69.55,1850.0,421.16,46.98,372.01,245.34,39.7
2,2026-04,7198.25,5039.59,2158.66,29.99,45,43,117.2,401.51,2163.64,4061.76,977.83,36.71,Housing,392.29,1570.15,45.62,1850.0,538.56,46.98,329.33,266.66,0.0
2,2026-05,7637.83,4573.33,3064.5,40.12,49,47,97.3,360.71,2245.59,4035.95,537.38,42.6,Housing,117.66,1431.02,116.41,1948.41,354.88,46.98,289.91,250.2,17.86
2,2026-06,7254.35,5339.97,1914.38,26.39,50,48,111.25,401.85,2287.27,4680.61,659.36,37.87,Food,201.37,2022.27,0.0,1986.84,411.01,46.98,418.05,253.45,0.0
